keycode,label,topic
DA0_C94R3SS,0,Immigration
DA16bNdNMIc,2, Candidate Narratives
DA1Xo-VpMIM,3,Candidate Strategies(mix)
DA1ctzYiYQL,2, Candidate Narratives
DA1ob-XieJM,0,Immigration
DA1onbbB8Un,0,Immigration
DA1q7S2I-J5,0,Immigration
DA1s1N3Obwc,6,Abortion
DA2B4s4t0M3,2, Candidate Narratives
DA2Qyfpsaud,2, Candidate Narratives
DA37i35N09m,1,Voting
DA3g-ikM780,5,Candidate Criticism
DA3nDozxCy8,1,Voting
DA3pfRtvYDQ,2, Candidate Narratives
DA3zIIrOoSl,2, Candidate Narratives
DA4BXrpOmLA,5,Candidate Criticism
DA4b1E6Ko5-,4,Economic
DA4bE6JKHbD,4,Economic
DA4jv8aAwD5,6,Abortion
DA4mS6_AAmt,6,Abortion
DA4nDxfshhJ,6,Abortion
DA4sO4oA68S,4,Economic
DA4vPIbMZ6n,5,Candidate Criticism
DA5894AAr8d,4,Economic
DA66I2kJb99,3,Candidate Strategies(mix)
DA66vATCgBt,0,Immigration
DA6Dxd_R7Rn,6,Abortion
DA6Thn_up99,5,Candidate Criticism
DA6TtBCPics,0,Immigration
DA6XK06Cf8D,5,Candidate Criticism
DA6hLA7gWKv,4,Economic
DA6paiwqGiQ,4,Economic
DA7Aj-KtMnX,5,Candidate Criticism
DA7JtljKyaR,0,Immigration
DA7Kb6vNrQ1,2, Candidate Narratives
DA7L9vVsD5U,0,Immigration
DA7OKHPB_zY,0,Immigration
DA7OThSO7gg,0,Immigration
DA7PSCPhNxl,0,Immigration
DA7PsZEtQ5W,0,Immigration
DA7PzhJuWH0,0,Immigration
DA7RfcUv6l4,6,Abortion
DA7S-XaMMJy,6,Abortion
DA7TgULvIqM,4,Economic
DA7d3aGol6f,4,Economic
DA7d_m5Cdjf,5,Candidate Criticism
DA7e3jOtzxv,3,Candidate Strategies(mix)
DA7eHH9pRfT,0,Immigration
DA7eTKjPXbu,0,Immigration
DA7edmfq3NN,0,Immigration
DA7ektRCekI,4,Economic
DA7ewieP7LC,3,Candidate Strategies(mix)
DA8046jPRGt,2, Candidate Narratives
DA8iVftMW8q,1,Voting
DA8z-abu-nm,2, Candidate Narratives
DA99vTYAvEj,6,Abortion
DA9ZbNpteuL,1,Voting
DA9s_0YNOqC,2, Candidate Narratives
DA9tXO2vN4v,3,Candidate Strategies(mix)
DA_RUw9MWJa,5,Candidate Criticism
DA_UjSzggI3,6,Abortion
DA_WJ_tCBgx,3,Candidate Strategies(mix)
DA_WWc6PJtS,0,Immigration
DA_pHP_vtOH,3,Candidate Strategies(mix)
DA_qyoqp0Jv,0,Immigration
DA_ulW_yJ42,2, Candidate Narratives
DAj-oZvtm45,5,Candidate Criticism
DAkC7pMNJmk,4,Economic
DAkDv_ztlm_,4,Economic
DAkFBK1oFeg,0,Immigration
DAkFH3XNAPd,4,Economic
DAkGGdkIvKF,2, Candidate Narratives
DAkHrGnJT3v,0,Immigration
DAllv4PMhTV,2, Candidate Narratives
DAloj-WPbwa,4,Economic
DAlxK0VM5tn,0,Immigration
DAm3hHwAgld,3,Candidate Strategies(mix)
DAm6I3sgEQO,3,Candidate Strategies(mix)
DAmGqIJynBz,0,Immigration
DAmio6TtGXA,5,Candidate Criticism
DAoE5HxOmH2,5,Candidate Criticism
DAr0QHhtidm,5,Candidate Criticism
DArd-VkuI5T,5,Candidate Criticism
DArdBJZyzmB,4,Economic
DArswdLtT3E,6,Abortion
DArxp0NNw2P,3,Candidate Strategies(mix)
DAryxYyNs-5,2, Candidate Narratives
DAsQTXRKSbJ,0,Immigration
DAtIDq6M172,1,Voting
DAtRIXQpi2w,2, Candidate Narratives
DAuBtQ1O-a7,1,Voting
DAuVJ41vu4v,3,Candidate Strategies(mix)
DAuZRaOoaw6,2, Candidate Narratives
DAuZVZTAYc8,0,Immigration
DAv5H4OPwWp,2, Candidate Narratives
DAvXgsgg2ix,2, Candidate Narratives
DAvy8fJpsmT,5,Candidate Criticism
DAw3jhUPC0Y,5,Candidate Criticism
DAweL6-tZIu,6,Abortion
DAwjHSfOJXk,2, Candidate Narratives
DAwmlQGtwe3,6,Abortion
DAwobKhS9Jb,2, Candidate Narratives
DAwqgMXOdhv,2, Candidate Narratives
DAySF1JulAj,3,Candidate Strategies(mix)
DAypShqO-Hp,4,Economic
DAzEOUPtrlS,4,Economic
DB0Cbk3g7jT,1,Voting
DB0Kh5hgdFN,3,Candidate Strategies(mix)
DB1DaJtuGhg,5,Candidate Criticism
DB1INfzP5Af,1,Voting
DB1_7_cSEDQ,4,Economic
DB1cFGRxjMG,2, Candidate Narratives
DB1kKcry-ZK,1,Voting
DB1psM8JanN,3,Candidate Strategies(mix)
DB1rowdv5zN,0,Immigration
DB2G0RJS9F-,6,Abortion
DB2W82vqBlS,1,Voting
DB2X3eFNaHY,2, Candidate Narratives
DB2cAJYJFfK,6,Abortion
DB2dePUv9NT,3,Candidate Strategies(mix)
DB2oORzApOs,4,Economic
DB2r5RPij2H,6,Abortion
DB356aOuNlR,1,Voting
DB48u16ACAh,1,Voting
DB4NNSlyNOt,2, Candidate Narratives
DB4Rm_-P2x5,2, Candidate Narratives
DB4ZJ-pMvgB,1,Voting
DB4ak_1I0UG,4,Economic
DB4hQEKtApq,1,Voting
DB4sQLRKXuo,4,Economic
DB5BVpliTkG,6,Abortion
DB63PUdyUWF,1,Voting
DB6hOdSuPSi,5,Candidate Criticism
DB6nVT3P4Uj,4,Economic
DB6sm96u5dJ,5,Candidate Criticism
DB70-iANlN9,5,Candidate Criticism
DB72RrUghhK,0,Immigration
DB7HAX3hl92,0,Immigration
DB7L3ukOyFT,3,Candidate Strategies(mix)
DB7UlN4pOta,6,Abortion
DB7UqOLvD2h,3,Candidate Strategies(mix)
DB7X-wSycqh,2, Candidate Narratives
DB7xwlptnyD,3,Candidate Strategies(mix)
DB7yxGCO8hz,3,Candidate Strategies(mix)
DB8-Y09PB3X,2, Candidate Narratives
DB86UQJOsxp,2, Candidate Narratives
DB88NN9O9Q_,0,Immigration
DB8E9zOsD1P,0,Immigration
DB8EGA8vc8i,3,Candidate Strategies(mix)
DB8EUh_t5Ei,0,Immigration
DB8oo-PJINy,3,Candidate Strategies(mix)
DB913i7v3EW,2, Candidate Narratives
DB9JS3JRgCx,0,Immigration
DB9LJ1OAepL,6,Abortion
DB9Mmetuw1O,2, Candidate Narratives
DB9Od7vi3z8,1,Voting
DB9a9iByB7F,5,Candidate Criticism
DB9d61BCDJa,2, Candidate Narratives
DB9eXO_tcGT,1,Voting
DB9h1hKuaZX,1,Voting
DB9oaBwS_lF,5,Candidate Criticism
DB9p1SVyuaQ,1,Voting
DB9u5zrSLdT,2, Candidate Narratives
DBA7jAtqYY5,0,Immigration
DBAALCVJAv-,4,Economic
DBBwlPguq-r,0,Immigration
DBC42OANkzx,2, Candidate Narratives
DBCE_Ocp9mF,1,Voting
DBCGlzhOboA,3,Candidate Strategies(mix)
DBCKLbDt1AV,3,Candidate Strategies(mix)
DBCQpzPPMeT,2, Candidate Narratives
DBCWDDTv_-s,1,Voting
DBCdXDjyLjA,5,Candidate Criticism
DBERoJDN1Wy,6,Abortion
DBEhq2nvMBk,5,Candidate Criticism
DBElUFphxFy,5,Candidate Criticism
DBEps9avGxL,5,Candidate Criticism
DBFAKnVtZoY,0,Immigration
DBFQSkkPKkJ,4,Economic
DBFSFrwNX9O,2, Candidate Narratives
DBFbsutAUtK,3,Candidate Strategies(mix)
DBFlU3cNcmG,2, Candidate Narratives
DBH0uyshTDS,5,Candidate Criticism
DBH2mAUv2ik,4,Economic
DBH6hMpv_y8,4,Economic
DBH6m4uPqh8,4,Economic
DBH_R6pAjNT,0,Immigration
DBH_cTrtPH3,4,Economic
DBHb0n9C7Rm,1,Voting
DBHc_NqIX7r,1,Voting
DBHijYfBLyd,1,Voting
DBHiy5UA4bl,1,Voting
DBHtWnAyX6s,0,Immigration
DBIAFbaPT5T,4,Economic
DBIE1Hngfri,4,Economic
DBIE8KIs8b_,0,Immigration
DBIElAziGFT,1,Voting
DBIEwEotfNY,0,Immigration
DBIFHKVNMi6,0,Immigration
DBJ-yQtpzQF,5,Candidate Criticism
DBJ6LnXtd0R,3,Candidate Strategies(mix)
DBJ6hB4yWd4,0,Immigration
DBJ81UFvKTN,0,Immigration
DBJ9AvGpcqR,1,Voting
DBJR9qwis6T,6,Abortion
DBJmjfhAgnn,4,Economic
DBJnvt0sv-G,3,Candidate Strategies(mix)
DBJwu7Et5SB,5,Candidate Criticism
DBK0AgBt0eq,2, Candidate Narratives
DBK0uZHA15v,3,Candidate Strategies(mix)
DBKJFbzv5_V,1,Voting
DBKeii7s6Wk,1,Voting
DBKgd1aPO5w,3,Candidate Strategies(mix)
DBKh1j2Aazv,2, Candidate Narratives
DBKiE-tg72Y,6,Abortion
DBKiboqg4lo,6,Abortion
DBKixIpARkW,6,Abortion
DBKjVIYNlrf,0,Immigration
DBKjWZwgM9B,4,Economic
DBKju99gc1w,4,Economic
DBKk8Ong12j,0,Immigration
DBKkog1gA1o,0,Immigration
DBKlV4BAV0g,0,Immigration
DBKm4MeAtsX,0,Immigration
DBKmcCTpKpi,4,Economic
DBKn85kAe8D,3,Candidate Strategies(mix)
DBKnOq4tudf,0,Immigration
DBKnhT6AucN,0,Immigration
DBKocMhgSun,2, Candidate Narratives
DBKp9pONMPk,4,Economic
DBL3RegAjNj,4,Economic
DBLzLkIpror,2, Candidate Narratives
DBMQZB7uDS_,0,Immigration
DBMXuP4s2yl,3,Candidate Strategies(mix)
DBMhnWYykCA,1,Voting
DBMn-ViydZ3,0,Immigration
DBMpl_0BcaF,0,Immigration
DBMrUoBMc2D,1,Voting
DBNIRLct3_J,3,Candidate Strategies(mix)
DBNIlFEJwEK,5,Candidate Criticism
DBNK5Nbv3Oy,6,Abortion
DBNLiabN0Gc,4,Economic
DBNWLv-sZtT,0,Immigration
DBNZorwpqGl,3,Candidate Strategies(mix)
DBO-z-MvKB7,4,Economic
DBOfGBVNL4t,2, Candidate Narratives
DBOl6A1vQUg,2, Candidate Narratives
DBOsSJ-i1ot,1,Voting
DBOt14ROeRO,5,Candidate Criticism
DBPOvndOK0N,5,Candidate Criticism
DBPYS0MuDtu,2, Candidate Narratives
DBPjRnyNUpf,3,Candidate Strategies(mix)
DBRHoBmPGRY,1,Voting
DBRans_JcEe,0,Immigration
DBRg5EVs5lu,5,Candidate Criticism
DBRltWQs_rp,4,Economic
DBRoj-exliV,0,Immigration
DBRsNXbJqyH,0,Immigration
DBRsoIOBne6,0,Immigration
DBRtGBMh4PX,0,Immigration
DBRtYEFpJTz,0,Immigration
DBRtf-BB-oF,4,Economic
DBRwGhDOrUd,2, Candidate Narratives
DBSBWKkv3RZ,5,Candidate Criticism
DBSXOtjpVA5,5,Candidate Criticism
DBSgARKx4xH,1,Voting
DBSr2ARocLh,3,Candidate Strategies(mix)
DBTwGVPiQC3,3,Candidate Strategies(mix)
DBU4yZFtBYc,1,Voting
DBU6-68tMku,4,Economic
DBU668OP9wT,2, Candidate Narratives
DBUbTQdogUS,4,Economic
DBUcvk4skW5,4,Economic
DBUmGZyuTCk,5,Candidate Criticism
DBUzcMyMI0p,4,Economic
DBWNHQUPc60,4,Economic
DBWV0ZKq-La,2, Candidate Narratives
DBWeiNTPcbo,3,Candidate Strategies(mix)
DBXTqzyNhBh,2, Candidate Narratives
DBXfxAAvzha,3,Candidate Strategies(mix)
DBXh5CoNzIS,1,Voting
DBY-H8JvIz_,3,Candidate Strategies(mix)
DBY2koUpVXi,1,Voting
DBZRucXgGje,1,Voting
DBZWXP5yQqD,4,Economic
DBZowlVCnMF,1,Voting
DBaaQYxMm0g,6,Abortion
DBbS6bQv7Qk,2, Candidate Narratives
DBbyuzJOJfr,5,Candidate Criticism
DBcEn1vPDpy,4,Economic
DBcNsVBpX9X,1,Voting
DBc_fwXp1IF,1,Voting
DBcaY7TSESQ,1,Voting
DBclc_ntu-H,1,Voting
DBct3jQPJvw,3,Candidate Strategies(mix)
DBczc6yt8m7,3,Candidate Strategies(mix)
DBe-CJ3uWVs,1,Voting
DBe-TZsy_4E,0,Immigration
DBe5QEuoxtm,2, Candidate Narratives
DBeHonPOfN3,3,Candidate Strategies(mix)
DBeN2BxsttT,2, Candidate Narratives
DBeRaFPp-Oi,4,Economic
DBemP6LqCuF,2, Candidate Narratives
DBexm1FpKt3,5,Candidate Criticism
DBfC0HNpdJz,1,Voting
DBfJqzQtw4I,2, Candidate Narratives
DBfRqi6vbyh,1,Voting
DBfalAwvuS7,6,Abortion
DBguPvgPb7W,6,Abortion
DBh6tczPMzt,0,Immigration
DBhDrxDSU14,1,Voting
DBhJRr2v1x2,3,Candidate Strategies(mix)
DBhKZq9SnC6,4,Economic
DBhbwL1g58Q,5,Candidate Criticism
DBhhJs9oT-N,3,Candidate Strategies(mix)
DBhwP3dNeCv,3,Candidate Strategies(mix)
DBjM8mwsYgO,4,Economic
DBjPdrNMaaU,1,Voting
DBjVdGBhnh8,6,Abortion
DBk4agEPC_b,1,Voting
DBk4hmftDy1,1,Voting
DBk4pOitnh9,0,Immigration
DBk4yRmvEl2,1,Voting
DBkE1kPP4oS,4,Economic
DBkb0gsp5Jo,0,Immigration
DBkn0Ygsrxd,2, Candidate Narratives
DBl5I7BhklN,6,Abortion
DBl67hXPeIc,1,Voting
DBl7yEHNgEC,2, Candidate Narratives
DBm073sSwNp,6,Abortion
DBmQbz2unGM,5,Candidate Criticism
DBmUoBjSLa3,0,Immigration
DBmWjw6vV-C,6,Abortion
DBmbKXnv79i,1,Voting
DBmePbztwIX,1,Voting
DBmzr4pPAn5,1,Voting
DBnQfsvqWOu,5,Candidate Criticism
DBoOuxwKiIt,5,Candidate Criticism
DBpyFIBSqgJ,2, Candidate Narratives
DBq0TiGPNHJ,5,Candidate Criticism
DBqzh5TO2z5,3,Candidate Strategies(mix)
DBrFXdZqOHw,5,Candidate Criticism
DBrK28QC99j,5,Candidate Criticism
DBrSQF9vpfl,3,Candidate Strategies(mix)
DBrSpVGRVAl,2, Candidate Narratives
DBrcDMXAtRO,5,Candidate Criticism
DBrcgU8S0rM,1,Voting
DBrd3oJpppZ,0,Immigration
DBrdF2qAtUG,1,Voting
DBrdlqgvL06,3,Candidate Strategies(mix)
DBrdseTKuVn,0,Immigration
DBrgNJxhfmO,0,Immigration
DBrhLJViwfG,0,Immigration
DBsCFc3oDVx,4,Economic
DBsF0DzvfNv,2, Candidate Narratives
DBsMkvSobf7,3,Candidate Strategies(mix)
DBsPEStIB2z,3,Candidate Strategies(mix)
DBsaJlsiSWz,3,Candidate Strategies(mix)
DBsaUZNsWpI,0,Immigration
DBsgFamMje9,6,Abortion
DBt1DDVsxiO,3,Candidate Strategies(mix)
DBt1hVct-Gq,3,Candidate Strategies(mix)
DBt6KUfyVE4,0,Immigration
DBtYGK-vOCN,3,Candidate Strategies(mix)
DBtg9W-xRx2,1,Voting
DBtu3IKO2sE,2, Candidate Narratives
DBtv7_pK6Wp,1,Voting
DBu6pM7v37r,6,Abortion
DBuBCnYPcH0,1,Voting
DBuHdyqOORc,0,Immigration
DBuI2YJy2Mn,4,Economic
DBuSQxsgPuc,2, Candidate Narratives
DBuV2PoyJCS,2, Candidate Narratives
DBuYfLVhtYx,6,Abortion
DBuhE9Wsrlg,1,Voting
DBvylfou4Zn,2, Candidate Narratives
DBw2UpAhtBY,1,Voting
DBwAUm4Mxxu,2, Candidate Narratives
DBwFm8Yg4vu,6,Abortion
DBwODYYS8Pb,2, Candidate Narratives
DBwUqpYoDd8,5,Candidate Criticism
DBwZIdwvihr,1,Voting
DBwhMU0SNvS,1,Voting
DBwoTKYA-9z,3,Candidate Strategies(mix)
DBxDKbnuVmb,1,Voting
DBxF1e3MgRB,1,Voting
DBy-D_EPvd2,4,Economic
DBy8pxavAm1,0,Immigration
DByb8DaOLur,5,Candidate Criticism
DByjEEsuw6d,3,Candidate Strategies(mix)
DBykayYI-S_,1,Voting
DBz3SxgpwzI,5,Candidate Criticism
DBz449Kvmw0,2, Candidate Narratives
DBzBPq1O0mq,1,Voting
DBzDsJmRSAZ,1,Voting
DBzHF20vSMb,3,Candidate Strategies(mix)
DBzlUodAZLV,1,Voting
DBzvH46twrB,2, Candidate Narratives
